source_object_id,target_object_id,o2o_qualifier,timestamp
Pcp7,Cr17,Lodged pickup plan for cargo,2024-04-29 08:12:32
Pcp1,Cr1,Lodged pickup plan for cargo,2024-04-29 08:39:46
Pcp2,Cr11,Lodged pickup plan for cargo,2024-04-29 08:46:20
Pcp5,Cr7,Lodged pickup plan for cargo,2024-04-29 09:07:13
Pcp4,Cr16,Lodged pickup plan for cargo,2024-04-29 09:07:35
Pcp8,Cr15,Lodged pickup plan for cargo,2024-04-29 09:10:45
Pcp3,Cr18,Lodged pickup plan for cargo,2024-04-29 09:25:16
Pcp6,Cr19,Lodged pickup plan for cargo,2024-04-29 09:31:44
tr23,Pcp7,Assigned truck for pickup plan,2024-05-01 09:39:03
tr47,Pcp7,Assigned truck for pickup plan,2024-05-01 09:45:02
tr15,Pcp7,Assigned truck for pickup plan,2024-05-01 09:45:49
tr3,Pcp7,Assigned truck for pickup plan,2024-05-01 09:50:43
tr6,Pcp7,Assigned truck for pickup plan,2024-05-01 09:51:14
tr34,Pcp7,Assigned truck for pickup plan,2024-05-01 09:53:56
tr35,Pcp7,Assigned truck for pickup plan,2024-05-01 10:00:15
tr32,Pcp7,Assigned truck for pickup plan,2024-05-01 10:00:58
tr48,Pcp7,Assigned truck for pickup plan,2024-05-01 10:04:05
tr28,Pcp7,Assigned truck for pickup plan,2024-05-01 10:06:23
tr24,Pcp7,Assigned truck for pickup plan,2024-05-01 10:06:25
tr41,Pcp7,Assigned truck for pickup plan,2024-05-01 10:11:23
tr44,Pcp7,Assigned truck for pickup plan,2024-05-01 10:12:18
tr19,Pcp7,Assigned truck for pickup plan,2024-05-01 10:13:45
tr31,Pcp7,Assigned truck for pickup plan,2024-05-01 10:16:13
tr2,Pcp7,Assigned truck for pickup plan,2024-05-01 10:21:57
tr7,Pcp7,Assigned truck for pickup plan,2024-05-01 10:22:21
tr36,Pcp7,Assigned truck for pickup plan,2024-05-01 10:24:55
tr5,Pcp7,Assigned truck for pickup plan,2024-05-01 10:28:35
tr17,Pcp7,Assigned truck for pickup plan,2024-05-01 10:28:47
tr30,Pcp7,Assigned truck for pickup plan,2024-05-01 10:33:02
tr38,Pcp7,Assigned truck for pickup plan,2024-05-01 10:34:51
tr40,Pcp7,Assigned truck for pickup plan,2024-05-01 10:35:31
tr4,Pcp7,Assigned truck for pickup plan,2024-05-01 10:35:59
tr43,Pcp7,Assigned truck for pickup plan,2024-05-01 10:36:05
tr22,Pcp7,Assigned truck for pickup plan,2024-05-01 10:39:05
tr29,Pcp7,Assigned truck for pickup plan,2024-05-01 10:40:27
tr39,Pcp7,Assigned truck for pickup plan,2024-05-01 10:40:28
tr1,Pcp7,Assigned truck for pickup plan,2024-05-01 10:45:11
tr21,Pcp7,Assigned truck for pickup plan,2024-05-01 10:49:50
tr10,Pcp1,Assigned truck for pickup plan,2024-05-01 10:51:43
tr14,Pcp7,Assigned truck for pickup plan,2024-05-01 11:00:34
tr50,Pcp1,Assigned truck for pickup plan,2024-05-01 11:07:24
tr25,Pcp7,Assigned truck for pickup plan,2024-05-01 11:10:00
tr18,Pcp1,Assigned truck for pickup plan,2024-05-01 11:13:51
tr33,Pcp7,Assigned truck for pickup plan,2024-05-01 11:16:04
tr12,Pcp7,Assigned truck for pickup plan,2024-05-01 11:16:57
tr27,Pcp1,Assigned truck for pickup plan,2024-05-01 11:21:43
tr13,Pcp7,Assigned truck for pickup plan,2024-05-01 11:28:52
tr20,Pcp7,Assigned truck for pickup plan,2024-05-01 11:31:04
tr46,Pcp7,Assigned truck for pickup plan,2024-05-01 11:37:45
tr45,Pcp7,Assigned truck for pickup plan,2024-05-01 11:39:44
tr16,Pcp7,Assigned truck for pickup plan,2024-05-01 11:45:46
tr26,Pcp7,Assigned truck for pickup plan,2024-05-01 11:57:34
tr11,Pcp1,Assigned truck for pickup plan,2024-05-01 12:18:53
tr49,Pcp7,Assigned truck for pickup plan,2024-05-01 13:20:41
tr37,Pcp7,Assigned truck for pickup plan,2024-05-01 13:46:19
tr42,Pcp7,Assigned truck for pickup plan,2024-05-01 14:01:18
tr8,Pcp7,Assigned truck for pickup plan,2024-05-01 14:18:59
tr9,Pcp1,Assigned truck for pickup plan,2024-05-01 15:35:56
tr23,Pcp7,Dropped truck from pickup plan,2024-05-02 14:26:26
tr19,Pcp7,Dropped truck from pickup plan,2024-05-02 15:18:55
tr47,Pcp7,Dropped truck from pickup plan,2024-05-02 15:19:15
tr32,Pcp7,Dropped truck from pickup plan,2024-05-02 15:52:43
tr40,Pcp7,Dropped truck from pickup plan,2024-05-02 16:08:31
tr23,Pcp8,Assigned truck for pickup plan,2024-05-02 16:14:53
tr48,Pcp7,Dropped truck from pickup plan,2024-05-02 16:58:29
tr47,Pcp8,Assigned truck for pickup plan,2024-05-02 17:05:01
tr12,Pcp7,Dropped truck from pickup plan,2024-05-02 18:10:35
tr4,Pcp7,Dropped truck from pickup plan,2024-05-03 07:46:30
tr26,Pcp7,Dropped truck from pickup plan,2024-05-03 07:58:10
tr30,Pcp7,Dropped truck from pickup plan,2024-05-03 08:53:17
tr32,Pcp5,Assigned truck for pickup plan,2024-05-03 09:16:27
tr40,Pcp5,Assigned truck for pickup plan,2024-05-03 09:17:16
tr11,Pcp1,Dropped truck from pickup plan,2024-05-03 09:42:17
tr17,Pcp7,Dropped truck from pickup plan,2024-05-03 10:24:00
tr19,Pcp2,Assigned truck for pickup plan,2024-05-03 10:40:09
tr12,Pcp4,Assigned truck for pickup plan,2024-05-03 10:40:52
tr30,Pcp3,Assigned truck for pickup plan,2024-05-03 10:59:10
tr38,Pcp7,Dropped truck from pickup plan,2024-05-03 11:11:04
tr48,Pcp3,Assigned truck for pickup plan,2024-05-03 11:12:29
tr46,Pcp7,Dropped truck from pickup plan,2024-05-03 11:16:59
tr33,Pcp7,Dropped truck from pickup plan,2024-05-03 11:24:51
tr10,Pcp1,Dropped truck from pickup plan,2024-05-03 11:35:12
tr3,Pcp7,Dropped truck from pickup plan,2024-05-03 11:47:05
tr11,Pcp6,Assigned truck for pickup plan,2024-05-03 13:56:10
tr41,Pcp7,Dropped truck from pickup plan,2024-05-03 14:00:47
tr17,Pcp1,Assigned truck for pickup plan,2024-05-03 14:07:42
tr21,Pcp7,Dropped truck from pickup plan,2024-05-03 14:13:44
tr46,Pcp6,Assigned truck for pickup plan,2024-05-03 14:19:25
tr4,Pcp8,Assigned truck for pickup plan,2024-05-03 14:50:13
tr38,Pcp8,Assigned truck for pickup plan,2024-05-03 14:51:22
tr33,Pcp2,Assigned truck for pickup plan,2024-05-03 15:07:12
tr3,Pcp8,Assigned truck for pickup plan,2024-05-03 15:43:51
tr25,Pcp7,Dropped truck from pickup plan,2024-05-03 15:44:07
tr44,Pcp7,Dropped truck from pickup plan,2024-05-03 15:46:39
tr8,Pcp7,Dropped truck from pickup plan,2024-05-03 15:53:25
tr50,Pcp1,Dropped truck from pickup plan,2024-05-03 15:55:28
tr31,Pcp7,Dropped truck from pickup plan,2024-05-03 16:05:03
tr26,Pcp8,Assigned truck for pickup plan,2024-05-03 16:06:03
tr21,Pcp6,Assigned truck for pickup plan,2024-05-03 16:46:34
tr10,Pcp5,Assigned truck for pickup plan,2024-05-03 16:51:27
tr41,Pcp1,Assigned truck for pickup plan,2024-05-03 16:54:27
tr6,Pcp7,Dropped truck from pickup plan,2024-05-03 18:31:00
tr34,Pcp7,Dropped truck from pickup plan,2024-05-03 18:32:26
tr14,Pcp7,Dropped truck from pickup plan,2024-05-06 07:23:49
tr31,Pcp4,Assigned truck for pickup plan,2024-05-06 07:51:32
tr18,Pcp1,Dropped truck from pickup plan,2024-05-06 07:55:36
tr36,Pcp7,Dropped truck from pickup plan,2024-05-06 08:01:33
tr13,Pcp7,Dropped truck from pickup plan,2024-05-06 08:02:51
tr29,Pcp7,Dropped truck from pickup plan,2024-05-06 08:05:26
tr35,Pcp7,Dropped truck from pickup plan,2024-05-06 08:20:45
tr24,Pcp7,Dropped truck from pickup plan,2024-05-06 08:23:49
tr37,Pcp7,Dropped truck from pickup plan,2024-05-06 08:36:42
tr8,Pcp5,Assigned truck for pickup plan,2024-05-06 09:08:53
tr44,Pcp4,Assigned truck for pickup plan,2024-05-06 09:18:36
tr25,Pcp5,Assigned truck for pickup plan,2024-05-06 09:43:32
tr22,Pcp7,Dropped truck from pickup plan,2024-05-06 09:45:22
tr28,Pcp7,Dropped truck from pickup plan,2024-05-06 09:59:43
tr36,Pcp4,Assigned truck for pickup plan,2024-05-06 10:23:51
tr35,Pcp2,Assigned truck for pickup plan,2024-05-06 10:28:00
tr50,Pcp6,Assigned truck for pickup plan,2024-05-06 10:30:38
tr29,Pcp5,Assigned truck for pickup plan,2024-05-06 10:32:14
tr6,Pcp2,Assigned truck for pickup plan,2024-05-06 10:32:16
tr34,Pcp8,Assigned truck for pickup plan,2024-05-06 10:45:09
tr16,Pcp7,Dropped truck from pickup plan,2024-05-06 10:53:30
tr27,Pcp1,Dropped truck from pickup plan,2024-05-06 11:31:27
tr13,Pcp8,Assigned truck for pickup plan,2024-05-06 11:43:55
tr24,Pcp3,Assigned truck for pickup plan,2024-05-06 12:03:55
tr1,Pcp7,Dropped truck from pickup plan,2024-05-06 12:18:11
tr22,Pcp6,Assigned truck for pickup plan,2024-05-06 13:26:32
tr47,Pcp8,Dropped truck from pickup plan,2024-05-06 13:41:07
tr45,Pcp7,Dropped truck from pickup plan,2024-05-06 13:44:08
tr18,Pcp5,Assigned truck for pickup plan,2024-05-06 14:02:36
tr2,Pcp7,Dropped truck from pickup plan,2024-05-06 14:07:11
tr20,Pcp7,Dropped truck from pickup plan,2024-05-06 14:28:16
tr28,Pcp6,Assigned truck for pickup plan,2024-05-06 14:29:53
tr14,Pcp4,Assigned truck for pickup plan,2024-05-06 14:39:45
tr7,Pcp7,Dropped truck from pickup plan,2024-05-06 14:43:54
tr37,Pcp1,Assigned truck for pickup plan,2024-05-06 14:57:58
tr27,Pcp6,Assigned truck for pickup plan,2024-05-06 15:26:16
tr16,Pcp2,Assigned truck for pickup plan,2024-05-06 15:37:16
tr49,Pcp7,Dropped truck from pickup plan,2024-05-06 15:40:15
tr45,Pcp5,Assigned truck for pickup plan,2024-05-06 16:12:10
tr5,Pcp7,Dropped truck from pickup plan,2024-05-06 16:26:33
tr47,Pcp5,Assigned truck for pickup plan,2024-05-06 16:27:08
tr2,Pcp5,Assigned truck for pickup plan,2024-05-06 16:47:11
tr1,Pcp5,Assigned truck for pickup plan,2024-05-06 16:52:33
tr40,Pcp5,Dropped truck from pickup plan,2024-05-06 16:54:46
tr20,Pcp8,Assigned truck for pickup plan,2024-05-06 17:04:50
tr40,Pcp3,Assigned truck for pickup plan,2024-05-07 08:55:43
tr49,Pcp6,Assigned truck for pickup plan,2024-05-07 09:10:32
tr5,Pcp3,Assigned truck for pickup plan,2024-05-07 10:10:41
tr30,Pcp3,Dropped truck from pickup plan,2024-05-07 11:34:33
tr7,Pcp1,Assigned truck for pickup plan,2024-05-07 11:37:54
tr9,Pcp1,Dropped truck from pickup plan,2024-05-07 13:29:36
tr12,Pcp4,Dropped truck from pickup plan,2024-05-07 13:59:04
tr3,Pcp8,Dropped truck from pickup plan,2024-05-07 14:38:07
tr44,Pcp4,Dropped truck from pickup plan,2024-05-07 15:32:23
tr41,Pcp1,Dropped truck from pickup plan,2024-05-07 15:50:27
tr30,Pcp3,Assigned truck for pickup plan,2024-05-07 15:52:43
tr38,Pcp8,Dropped truck from pickup plan,2024-05-07 16:19:30
tr9,Pcp6,Assigned truck for pickup plan,2024-05-07 16:26:57
tr12,Pcp2,Assigned truck for pickup plan,2024-05-07 16:34:35
tr3,Pcp5,Assigned truck for pickup plan,2024-05-07 16:44:27
tr4,Pcp8,Dropped truck from pickup plan,2024-05-07 16:46:52
tr23,Pcp8,Dropped truck from pickup plan,2024-05-07 17:32:17
tr6,Pcp2,Dropped truck from pickup plan,2024-05-07 18:05:18
tr19,Pcp2,Dropped truck from pickup plan,2024-05-07 18:28:53
tr26,Pcp8,Dropped truck from pickup plan,2024-05-08 07:25:50
tr43,Pcp7,Dropped truck from pickup plan,2024-05-08 08:18:52
tr8,Pcp5,Dropped truck from pickup plan,2024-05-08 08:21:33
tr48,Pcp3,Dropped truck from pickup plan,2024-05-08 08:33:33
tr38,Pcp6,Assigned truck for pickup plan,2024-05-08 09:03:25
tr23,Pcp5,Assigned truck for pickup plan,2024-05-08 09:20:47
tr4,Pcp3,Assigned truck for pickup plan,2024-05-08 09:35:04
tr44,Pcp1,Assigned truck for pickup plan,2024-05-08 10:24:02
tr6,Pcp1,Assigned truck for pickup plan,2024-05-08 10:27:04
tr35,Pcp2,Dropped truck from pickup plan,2024-05-08 10:32:53
tr43,Pcp8,Assigned truck for pickup plan,2024-05-08 10:44:19
tr36,Pcp4,Dropped truck from pickup plan,2024-05-08 10:55:26
tr26,Pcp8,Assigned truck for pickup plan,2024-05-08 10:55:50
tr41,Pcp6,Assigned truck for pickup plan,2024-05-08 11:27:46
tr33,Pcp2,Dropped truck from pickup plan,2024-05-08 12:10:32
tr35,Pcp5,Assigned truck for pickup plan,2024-05-08 12:44:53
tr48,Pcp1,Assigned truck for pickup plan,2024-05-08 12:46:05
tr42,Pcp7,Dropped truck from pickup plan,2024-05-08 13:43:42
tr21,Pcp6,Dropped truck from pickup plan,2024-05-08 13:45:40
tr46,Pcp6,Dropped truck from pickup plan,2024-05-08 13:58:11
tr11,Pcp6,Dropped truck from pickup plan,2024-05-08 14:00:59
tr15,Pcp7,Dropped truck from pickup plan,2024-05-08 14:03:07
tr39,Pcp7,Dropped truck from pickup plan,2024-05-08 14:23:38
tr25,Pcp5,Dropped truck from pickup plan,2024-05-08 14:37:26
tr50,Pcp6,Dropped truck from pickup plan,2024-05-08 14:37:40
tr19,Pcp1,Assigned truck for pickup plan,2024-05-08 14:37:45
tr36,Pcp4,Assigned truck for pickup plan,2024-05-08 14:52:26
tr37,Pcp1,Dropped truck from pickup plan,2024-05-08 14:54:53
tr8,Pcp2,Assigned truck for pickup plan,2024-05-08 15:12:13
tr10,Pcp5,Dropped truck from pickup plan,2024-05-08 15:40:34
tr15,Pcp8,Assigned truck for pickup plan,2024-05-08 16:05:01
tr11,Pcp3,Assigned truck for pickup plan,2024-05-08 16:13:21
tr18,Pcp5,Dropped truck from pickup plan,2024-05-08 16:36:41
tr33,Pcp3,Assigned truck for pickup plan,2024-05-08 17:32:27
tr42,Pcp3,Assigned truck for pickup plan,2024-05-08 17:57:25
tr21,Pcp5,Assigned truck for pickup plan,2024-05-08 18:10:49
tr45,Pcp5,Dropped truck from pickup plan,2024-05-08 18:17:26
tr46,Pcp5,Assigned truck for pickup plan,2024-05-09 08:02:34
tr50,Pcp2,Assigned truck for pickup plan,2024-05-09 08:09:48
tr25,Pcp6,Assigned truck for pickup plan,2024-05-09 08:37:49
tr34,Pcp8,Dropped truck from pickup plan,2024-05-09 08:42:27
tr39,Pcp4,Assigned truck for pickup plan,2024-05-09 09:11:58
tr37,Pcp8,Assigned truck for pickup plan,2024-05-09 09:13:21
tr18,Pcp1,Assigned truck for pickup plan,2024-05-09 09:28:24
tr45,Pcp1,Assigned truck for pickup plan,2024-05-09 09:29:08
tr20,Pcp8,Dropped truck from pickup plan,2024-05-09 09:54:12
tr24,Pcp3,Dropped truck from pickup plan,2024-05-09 10:31:49
tr10,Pcp4,Assigned truck for pickup plan,2024-05-09 11:08:30
tr47,Pcp5,Dropped truck from pickup plan,2024-05-09 11:17:16
tr28,Pcp6,Dropped truck from pickup plan,2024-05-09 11:18:02
tr14,Pcp4,Dropped truck from pickup plan,2024-05-09 12:12:04
tr5,Pcp3,Dropped truck from pickup plan,2024-05-09 13:21:39
tr34,Pcp4,Assigned truck for pickup plan,2024-05-09 14:02:43
tr20,Pcp5,Assigned truck for pickup plan,2024-05-09 14:15:55
tr22,Pcp6,Dropped truck from pickup plan,2024-05-09 14:36:08
tr47,Pcp1,Assigned truck for pickup plan,2024-05-09 14:45:44
tr28,Pcp2,Assigned truck for pickup plan,2024-05-09 14:56:56
tr24,Pcp2,Assigned truck for pickup plan,2024-05-09 15:12:13
tr14,Pcp3,Assigned truck for pickup plan,2024-05-09 15:26:18
tr23,Pcp5,Dropped truck from pickup plan,2024-05-09 15:28:45
tr1,Pcp5,Dropped truck from pickup plan,2024-05-09 16:11:15
tr5,Pcp8,Assigned truck for pickup plan,2024-05-09 16:25:28
tr40,Pcp3,Dropped truck from pickup plan,2024-05-09 16:26:01
tr22,Pcp4,Assigned truck for pickup plan,2024-05-09 16:29:06
tr4,Pcp3,Dropped truck from pickup plan,2024-05-09 18:52:40
tr40,Pcp2,Assigned truck for pickup plan,2024-05-10 07:48:27
tr49,Pcp6,Dropped truck from pickup plan,2024-05-10 07:52:53
tr30,Pcp3,Dropped truck from pickup plan,2024-05-10 08:07:17
tr16,Pcp2,Dropped truck from pickup plan,2024-05-10 08:28:44
tr9,Pcp6,Dropped truck from pickup plan,2024-05-10 08:45:16
tr38,Pcp6,Dropped truck from pickup plan,2024-05-10 09:15:29
tr23,Pcp6,Assigned truck for pickup plan,2024-05-10 10:26:04
tr13,Pcp8,Dropped truck from pickup plan,2024-05-10 10:28:24
tr26,Pcp8,Dropped truck from pickup plan,2024-05-10 10:36:17
tr4,Pcp1,Assigned truck for pickup plan,2024-05-10 11:00:45
tr30,Pcp6,Assigned truck for pickup plan,2024-05-10 11:13:08
tr1,Pcp3,Assigned truck for pickup plan,2024-05-10 11:36:15
tr9,Pcp2,Assigned truck for pickup plan,2024-05-10 12:07:36
tr49,Pcp5,Assigned truck for pickup plan,2024-05-10 12:09:27
tr17,Pcp1,Dropped truck from pickup plan,2024-05-10 12:13:32
tr38,Pcp1,Assigned truck for pickup plan,2024-05-10 12:27:10
tr13,Pcp2,Assigned truck for pickup plan,2024-05-10 14:17:04
tr16,Pcp3,Assigned truck for pickup plan,2024-05-10 15:01:32
tr19,Pcp1,Dropped truck from pickup plan,2024-05-10 15:27:08
tr2,Pcp5,Dropped truck from pickup plan,2024-05-10 15:41:27
tr29,Pcp5,Dropped truck from pickup plan,2024-05-10 15:43:35
tr21,Pcp5,Dropped truck from pickup plan,2024-05-10 16:25:11
tr31,Pcp4,Dropped truck from pickup plan,2024-05-10 17:00:51
tr26,Pcp5,Assigned truck for pickup plan,2024-05-10 18:42:50
tr32,Pcp5,Dropped truck from pickup plan,2024-05-13 07:31:13
tr11,Pcp3,Dropped truck from pickup plan,2024-05-13 07:34:10
tr18,Pcp1,Dropped truck from pickup plan,2024-05-13 07:58:00
tr37,Pcp8,Dropped truck from pickup plan,2024-05-13 08:02:15
tr12,Pcp2,Dropped truck from pickup plan,2024-05-13 08:30:33
tr29,Pcp1,Assigned truck for pickup plan,2024-05-13 08:34:58
tr27,Pcp6,Dropped truck from pickup plan,2024-05-13 08:40:39
tr21,Pcp1,Assigned truck for pickup plan,2024-05-13 08:59:29
tr19,Pcp5,Assigned truck for pickup plan,2024-05-13 09:26:59
tr32,Pcp4,Assigned truck for pickup plan,2024-05-13 10:12:34
tr17,Pcp8,Assigned truck for pickup plan,2024-05-13 10:16:32
tr3,Pcp5,Dropped truck from pickup plan,2024-05-13 10:20:59
tr50,Pcp2,Dropped truck from pickup plan,2024-05-13 10:22:30
tr37,Pcp4,Assigned truck for pickup plan,2024-05-13 10:51:43
tr20,Pcp5,Dropped truck from pickup plan,2024-05-13 10:55:12
tr12,Pcp4,Assigned truck for pickup plan,2024-05-13 11:18:22
tr31,Pcp4,Assigned truck for pickup plan,2024-05-13 11:44:11
tr10,Pcp4,Dropped truck from pickup plan,2024-05-13 12:19:27
tr11,Pcp3,Assigned truck for pickup plan,2024-05-13 12:31:36
tr27,Pcp8,Assigned truck for pickup plan,2024-05-13 12:48:04
tr41,Pcp6,Dropped truck from pickup plan,2024-05-13 13:31:30
tr2,Pcp4,Assigned truck for pickup plan,2024-05-13 14:00:42
tr3,Pcp4,Assigned truck for pickup plan,2024-05-13 14:05:12
tr50,Pcp6,Assigned truck for pickup plan,2024-05-13 14:14:44
tr18,Pcp2,Assigned truck for pickup plan,2024-05-13 14:27:47
tr15,Pcp8,Dropped truck from pickup plan,2024-05-13 14:46:30
tr42,Pcp3,Dropped truck from pickup plan,2024-05-13 14:56:09
tr44,Pcp1,Dropped truck from pickup plan,2024-05-13 14:57:46
tr6,Pcp1,Dropped truck from pickup plan,2024-05-13 15:23:17
tr10,Pcp3,Assigned truck for pickup plan,2024-05-13 15:35:04
tr8,Pcp2,Dropped truck from pickup plan,2024-05-13 15:39:51
tr46,Pcp5,Dropped truck from pickup plan,2024-05-13 15:54:41
tr41,Pcp3,Assigned truck for pickup plan,2024-05-13 16:07:55
tr25,Pcp6,Dropped truck from pickup plan,2024-05-13 16:10:52
tr20,Pcp4,Assigned truck for pickup plan,2024-05-13 16:20:24
tr28,Pcp2,Dropped truck from pickup plan,2024-05-13 16:31:34
tr5,Pcp8,Dropped truck from pickup plan,2024-05-13 16:42:01
tr14,Pcp3,Dropped truck from pickup plan,2024-05-13 16:42:48
tr42,Pcp5,Assigned truck for pickup plan,2024-05-13 17:17:55
tr39,Pcp4,Dropped truck from pickup plan,2024-05-13 17:32:24
tr15,Pcp8,Assigned truck for pickup plan,2024-05-13 17:59:56
tr33,Pcp3,Dropped truck from pickup plan,2024-05-14 07:53:41
tr7,Pcp1,Dropped truck from pickup plan,2024-05-14 07:53:50
tr43,Pcp8,Dropped truck from pickup plan,2024-05-14 08:06:45
tr30,Pcp6,Dropped truck from pickup plan,2024-05-14 08:55:38
tr6,Pcp4,Assigned truck for pickup plan,2024-05-14 09:31:06
tr44,Pcp5,Assigned truck for pickup plan,2024-05-14 09:32:25
tr45,Pcp1,Dropped truck from pickup plan,2024-05-14 09:48:48
tr8,Pcp8,Assigned truck for pickup plan,2024-05-14 09:53:02
tr28,Pcp2,Assigned truck for pickup plan,2024-05-14 09:58:44
tr5,Pcp4,Assigned truck for pickup plan,2024-05-14 10:16:50
tr46,Pcp4,Assigned truck for pickup plan,2024-05-14 10:20:52
tr43,Pcp4,Assigned truck for pickup plan,2024-05-14 10:24:59
tr25,Pcp1,Assigned truck for pickup plan,2024-05-14 10:27:52
tr7,Pcp5,Assigned truck for pickup plan,2024-05-14 10:35:34
tr33,Pcp2,Assigned truck for pickup plan,2024-05-14 11:17:12
tr14,Pcp8,Assigned truck for pickup plan,2024-05-14 11:18:52
tr45,Pcp4,Assigned truck for pickup plan,2024-05-14 13:23:34
tr39,Pcp1,Assigned truck for pickup plan,2024-05-14 13:41:14
tr40,Pcp2,Dropped truck from pickup plan,2024-05-14 15:15:41
tr22,Pcp4,Dropped truck from pickup plan,2024-05-14 15:38:50
tr30,Pcp8,Assigned truck for pickup plan,2024-05-14 15:55:07
tr23,Pcp6,Dropped truck from pickup plan,2024-05-14 16:53:02
tr21,Pcp1,Dropped truck from pickup plan,2024-05-14 18:46:34
tr34,Pcp4,Dropped truck from pickup plan,2024-05-15 07:25:16
tr4,Pcp1,Dropped truck from pickup plan,2024-05-15 07:45:31
tr29,Pcp1,Dropped truck from pickup plan,2024-05-15 08:38:44
tr22,Pcp5,Assigned truck for pickup plan,2024-05-15 08:43:22
tr23,Pcp2,Assigned truck for pickup plan,2024-05-15 09:14:37
tr27,Pcp8,Dropped truck from pickup plan,2024-05-15 09:51:36
tr26,Pcp5,Dropped truck from pickup plan,2024-05-15 10:04:03
tr24,Pcp2,Dropped truck from pickup plan,2024-05-15 10:36:03
tr16,Pcp3,Dropped truck from pickup plan,2024-05-15 10:38:45
tr34,Pcp8,Assigned truck for pickup plan,2024-05-15 10:45:25
tr40,Pcp3,Assigned truck for pickup plan,2024-05-15 11:25:08
tr6,Pcp4,Dropped truck from pickup plan,2024-05-15 11:50:25
tr29,Pcp1,Assigned truck for pickup plan,2024-05-15 12:41:42
tr36,Pcp4,Dropped truck from pickup plan,2024-05-15 13:41:55
tr13,Pcp2,Dropped truck from pickup plan,2024-05-15 13:42:05
tr46,Pcp4,Dropped truck from pickup plan,2024-05-15 13:50:27
tr38,Pcp1,Dropped truck from pickup plan,2024-05-15 14:00:03
tr21,Pcp6,Assigned truck for pickup plan,2024-05-15 14:00:46
tr27,Pcp5,Assigned truck for pickup plan,2024-05-15 14:07:39
tr16,Pcp8,Assigned truck for pickup plan,2024-05-15 14:22:03
tr47,Pcp1,Dropped truck from pickup plan,2024-05-15 14:40:54
tr26,Pcp3,Assigned truck for pickup plan,2024-05-15 14:49:32
tr6,Pcp3,Assigned truck for pickup plan,2024-05-15 14:57:50
tr49,Pcp5,Dropped truck from pickup plan,2024-05-15 15:18:53
tr4,Pcp2,Assigned truck for pickup plan,2024-05-15 15:22:59
tr24,Pcp5,Assigned truck for pickup plan,2024-05-15 15:36:55
tr11,Pcp3,Dropped truck from pickup plan,2024-05-15 15:50:09
tr39,Pcp1,Dropped truck from pickup plan,2024-05-15 16:02:13
tr38,Pcp3,Assigned truck for pickup plan,2024-05-15 16:19:21
tr46,Pcp5,Assigned truck for pickup plan,2024-05-15 16:43:59
tr18,Pcp2,Dropped truck from pickup plan,2024-05-15 16:50:58
tr12,Pcp4,Dropped truck from pickup plan,2024-05-15 16:55:25
tr37,Pcp4,Dropped truck from pickup plan,2024-05-15 17:06:26
tr13,Pcp4,Assigned truck for pickup plan,2024-05-15 17:19:50
tr36,Pcp8,Assigned truck for pickup plan,2024-05-15 17:36:05
tr49,Pcp3,Assigned truck for pickup plan,2024-05-15 17:52:20
tr30,Pcp8,Dropped truck from pickup plan,2024-05-15 18:56:17
tr39,Pcp1,Assigned truck for pickup plan,2024-05-15 19:00:13
tr14,Pcp8,Dropped truck from pickup plan,2024-05-16 07:21:59
tr48,Pcp1,Dropped truck from pickup plan,2024-05-16 07:39:36
tr47,Pcp4,Assigned truck for pickup plan,2024-05-16 08:05:43
tr32,Pcp4,Dropped truck from pickup plan,2024-05-16 08:20:09
tr35,Pcp5,Dropped truck from pickup plan,2024-05-16 08:22:39
tr11,Pcp1,Assigned truck for pickup plan,2024-05-16 08:54:42
tr12,Pcp5,Assigned truck for pickup plan,2024-05-16 09:08:19
tr9,Pcp2,Dropped truck from pickup plan,2024-05-16 09:20:52
tr14,Pcp4,Assigned truck for pickup plan,2024-05-16 09:56:31
tr30,Pcp8,Assigned truck for pickup plan,2024-05-16 10:41:02
tr32,Pcp3,Assigned truck for pickup plan,2024-05-16 10:45:54
tr35,Pcp4,Assigned truck for pickup plan,2024-05-16 10:50:32
tr7,Pcp5,Dropped truck from pickup plan,2024-05-16 11:03:59
tr19,Pcp5,Dropped truck from pickup plan,2024-05-16 11:18:18
tr37,Pcp5,Assigned truck for pickup plan,2024-05-16 11:20:11
tr18,Pcp3,Assigned truck for pickup plan,2024-05-16 11:43:13
tr31,Pcp4,Dropped truck from pickup plan,2024-05-16 11:51:31
tr25,Pcp1,Dropped truck from pickup plan,2024-05-16 13:26:57
tr42,Pcp5,Dropped truck from pickup plan,2024-05-16 13:52:35
tr43,Pcp4,Dropped truck from pickup plan,2024-05-16 14:02:44
tr8,Pcp8,Dropped truck from pickup plan,2024-05-16 14:05:56
tr48,Pcp6,Assigned truck for pickup plan,2024-05-16 14:06:17
tr9,Pcp1,Assigned truck for pickup plan,2024-05-16 14:17:09
tr17,Pcp8,Dropped truck from pickup plan,2024-05-16 14:53:52
tr7,Pcp6,Assigned truck for pickup plan,2024-05-16 15:26:51
tr19,Pcp1,Assigned truck for pickup plan,2024-05-16 15:28:08
tr31,Pcp5,Assigned truck for pickup plan,2024-05-16 15:44:42
tr43,Pcp8,Assigned truck for pickup plan,2024-05-16 15:56:12
tr8,Pcp6,Assigned truck for pickup plan,2024-05-16 16:27:13
tr15,Pcp8,Dropped truck from pickup plan,2024-05-16 16:50:18
tr44,Pcp5,Dropped truck from pickup plan,2024-05-16 16:51:41
tr25,Pcp2,Assigned truck for pickup plan,2024-05-16 16:55:44
tr3,Pcp4,Dropped truck from pickup plan,2024-05-16 18:04:55
tr17,Pcp6,Assigned truck for pickup plan,2024-05-16 18:19:48
tr29,Pcp1,Dropped truck from pickup plan,2024-05-17 07:03:12
tr20,Pcp4,Dropped truck from pickup plan,2024-05-17 08:14:44
tr1,Pcp3,Dropped truck from pickup plan,2024-05-17 08:23:20
tr28,Pcp2,Dropped truck from pickup plan,2024-05-17 08:44:56
tr2,Pcp4,Dropped truck from pickup plan,2024-05-17 08:50:51
tr3,Pcp3,Assigned truck for pickup plan,2024-05-17 09:17:53
tr42,Pcp6,Assigned truck for pickup plan,2024-05-17 09:27:42
tr29,Pcp3,Assigned truck for pickup plan,2024-05-17 09:42:52
tr50,Pcp6,Dropped truck from pickup plan,2024-05-17 09:54:21
tr15,Pcp5,Assigned truck for pickup plan,2024-05-17 10:24:47
tr44,Pcp4,Assigned truck for pickup plan,2024-05-17 10:35:21
tr1,Pcp8,Assigned truck for pickup plan,2024-05-17 11:17:58
tr27,Pcp5,Dropped truck from pickup plan,2024-05-17 11:27:57
tr28,Pcp4,Assigned truck for pickup plan,2024-05-17 12:09:14
tr10,Pcp3,Dropped truck from pickup plan,2024-05-17 12:20:58
tr20,Pcp5,Assigned truck for pickup plan,2024-05-17 13:27:38
tr2,Pcp6,Assigned truck for pickup plan,2024-05-17 13:54:20
tr50,Pcp5,Assigned truck for pickup plan,2024-05-17 14:01:06
tr6,Pcp3,Dropped truck from pickup plan,2024-05-17 14:33:44
tr27,Pcp2,Assigned truck for pickup plan,2024-05-17 16:01:33
tr10,Pcp4,Assigned truck for pickup plan,2024-05-17 16:35:45
tr38,Pcp3,Dropped truck from pickup plan,2024-05-17 16:54:08
tr37,Pcp5,Dropped truck from pickup plan,2024-05-17 16:59:20
tr33,Pcp2,Dropped truck from pickup plan,2024-05-20 07:47:52
tr35,Pcp4,Dropped truck from pickup plan,2024-05-20 07:47:53
tr40,Pcp3,Dropped truck from pickup plan,2024-05-20 08:00:06
tr22,Pcp5,Dropped truck from pickup plan,2024-05-20 08:01:03
tr6,Pcp4,Assigned truck for pickup plan,2024-05-20 08:02:24
tr4,Pcp2,Dropped truck from pickup plan,2024-05-20 08:53:17
tr38,Pcp2,Assigned truck for pickup plan,2024-05-20 09:35:21
tr37,Pcp8,Assigned truck for pickup plan,2024-05-20 09:46:40
tr46,Pcp5,Dropped truck from pickup plan,2024-05-20 10:00:01
tr35,Pcp3,Assigned truck for pickup plan,2024-05-20 10:48:38
tr45,Pcp4,Dropped truck from pickup plan,2024-05-20 10:49:07
tr40,Pcp2,Assigned truck for pickup plan,2024-05-20 10:52:16
tr22,Pcp4,Assigned truck for pickup plan,2024-05-20 11:15:56
tr7,Pcp6,Dropped truck from pickup plan,2024-05-20 11:25:51
tr46,Pcp2,Assigned truck for pickup plan,2024-05-20 13:17:46
tr24,Pcp5,Dropped truck from pickup plan,2024-05-20 13:27:10
tr4,Pcp4,Assigned truck for pickup plan,2024-05-20 13:29:50
tr33,Pcp8,Assigned truck for pickup plan,2024-05-20 14:14:17
tr45,Pcp2,Assigned truck for pickup plan,2024-05-20 14:57:57
tr3,Pcp3,Dropped truck from pickup plan,2024-05-20 15:32:28
tr9,Pcp1,Dropped truck from pickup plan,2024-05-20 16:02:27
tr24,Pcp8,Assigned truck for pickup plan,2024-05-20 16:26:07
tr31,Pcp5,Dropped truck from pickup plan,2024-05-20 16:32:06
tr41,Pcp3,Dropped truck from pickup plan,2024-05-20 16:38:48
tr43,Pcp8,Dropped truck from pickup plan,2024-05-20 16:39:30
tr32,Pcp3,Dropped truck from pickup plan,2024-05-20 16:52:57
tr36,Pcp8,Dropped truck from pickup plan,2024-05-20 16:54:58
tr7,Pcp3,Assigned truck for pickup plan,2024-05-20 18:14:27
tr12,Pcp5,Dropped truck from pickup plan,2024-05-20 18:18:37
tr30,Pcp8,Dropped truck from pickup plan,2024-05-21 08:02:54
tr49,Pcp3,Dropped truck from pickup plan,2024-05-21 08:16:43
tr2,Pcp6,Dropped truck from pickup plan,2024-05-21 08:30:32
tr36,Pcp8,Assigned truck for pickup plan,2024-05-21 08:42:46
tr41,Pcp5,Assigned truck for pickup plan,2024-05-21 09:01:33
tr18,Pcp3,Dropped truck from pickup plan,2024-05-21 09:16:37
tr43,Pcp5,Assigned truck for pickup plan,2024-05-21 09:28:17
tr31,Pcp6,Assigned truck for pickup plan,2024-05-21 09:29:37
tr3,Pcp2,Assigned truck for pickup plan,2024-05-21 09:46:50
tr21,Pcp6,Dropped truck from pickup plan,2024-05-21 09:47:26
tr9,Pcp6,Assigned truck for pickup plan,2024-05-21 09:48:19
tr30,Pcp3,Assigned truck for pickup plan,2024-05-21 09:49:56
tr32,Pcp8,Assigned truck for pickup plan,2024-05-21 10:01:37
tr12,Pcp5,Assigned truck for pickup plan,2024-05-21 10:19:11
tr34,Pcp8,Dropped truck from pickup plan,2024-05-21 10:39:23
tr2,Pcp5,Assigned truck for pickup plan,2024-05-21 10:47:31
tr18,Pcp3,Assigned truck for pickup plan,2024-05-21 11:37:17
tr49,Pcp3,Assigned truck for pickup plan,2024-05-21 13:30:21
tr34,Pcp3,Assigned truck for pickup plan,2024-05-21 14:21:17
tr20,Pcp5,Dropped truck from pickup plan,2024-05-21 14:35:24
tr5,Pcp4,Dropped truck from pickup plan,2024-05-21 14:52:21
tr17,Pcp6,Dropped truck from pickup plan,2024-05-21 15:41:03
tr25,Pcp2,Dropped truck from pickup plan,2024-05-21 15:42:48
tr42,Pcp6,Dropped truck from pickup plan,2024-05-21 15:46:11
tr21,Pcp2,Assigned truck for pickup plan,2024-05-21 15:55:13
tr19,Pcp1,Dropped truck from pickup plan,2024-05-21 16:54:20
tr20,Pcp3,Assigned truck for pickup plan,2024-05-21 17:09:22
tr28,Pcp4,Dropped truck from pickup plan,2024-05-21 17:17:41
tr26,Pcp3,Dropped truck from pickup plan,2024-05-21 17:34:15
tr5,Pcp5,Assigned truck for pickup plan,2024-05-21 18:56:01
tr11,Pcp1,Dropped truck from pickup plan,2024-05-22 07:42:43
tr48,Pcp6,Dropped truck from pickup plan,2024-05-22 07:52:13
tr25,Pcp4,Assigned truck for pickup plan,2024-05-22 08:42:56
tr42,Pcp6,Assigned truck for pickup plan,2024-05-22 09:07:36
tr17,Pcp8,Assigned truck for pickup plan,2024-05-22 09:29:27
tr28,Pcp3,Assigned truck for pickup plan,2024-05-22 10:09:50
tr48,Pcp2,Assigned truck for pickup plan,2024-05-22 10:23:44
tr4,Pcp4,Dropped truck from pickup plan,2024-05-22 10:58:58
tr11,Pcp3,Assigned truck for pickup plan,2024-05-22 11:13:25
tr47,Pcp4,Dropped truck from pickup plan,2024-05-22 11:22:26
tr26,Pcp2,Assigned truck for pickup plan,2024-05-22 11:46:44
tr50,Pcp5,Dropped truck from pickup plan,2024-05-22 11:48:16
tr19,Pcp3,Assigned truck for pickup plan,2024-05-22 12:17:30
tr33,Pcp8,Dropped truck from pickup plan,2024-05-22 13:29:20
tr47,Pcp3,Assigned truck for pickup plan,2024-05-22 14:41:57
tr45,Pcp2,Dropped truck from pickup plan,2024-05-22 14:46:32
tr29,Pcp3,Dropped truck from pickup plan,2024-05-22 14:54:30
tr6,Pcp4,Dropped truck from pickup plan,2024-05-22 15:33:50
tr38,Pcp2,Dropped truck from pickup plan,2024-05-22 15:45:52
tr2,Pcp5,Dropped truck from pickup plan,2024-05-22 15:50:40
tr7,Pcp3,Dropped truck from pickup plan,2024-05-22 15:56:20
tr10,Pcp4,Dropped truck from pickup plan,2024-05-22 16:23:50
tr22,Pcp4,Dropped truck from pickup plan,2024-05-22 16:28:27
tr50,Pcp6,Assigned truck for pickup plan,2024-05-22 16:42:18
tr15,Pcp5,Dropped truck from pickup plan,2024-05-22 16:42:24
tr3,Pcp2,Dropped truck from pickup plan,2024-05-22 16:43:32
tr40,Pcp2,Dropped truck from pickup plan,2024-05-22 16:49:10
tr16,Pcp8,Dropped truck from pickup plan,2024-05-22 16:57:05
tr45,Pcp2,Assigned truck for pickup plan,2024-05-22 17:10:12
tr31,Pcp6,Dropped truck from pickup plan,2024-05-22 17:37:05
tr23,Pcp2,Dropped truck from pickup plan,2024-05-22 17:48:36
tr12,Pcp5,Dropped truck from pickup plan,2024-05-22 18:24:52
tr44,Pcp4,Dropped truck from pickup plan,2024-05-22 18:57:43
tr13,Pcp4,Dropped truck from pickup plan,2024-05-23 07:31:22
tr4,Pcp3,Assigned truck for pickup plan,2024-05-23 07:39:40
tr39,Pcp1,Dropped truck from pickup plan,2024-05-23 07:54:39
tr18,Pcp3,Dropped truck from pickup plan,2024-05-23 07:57:24
tr33,Pcp4,Assigned truck for pickup plan,2024-05-23 08:06:17
tr8,Pcp6,Dropped truck from pickup plan,2024-05-23 08:22:52
tr7,Pcp5,Assigned truck for pickup plan,2024-05-23 08:37:40
tr38,Pcp3,Assigned truck for pickup plan,2024-05-23 08:55:44
tr2,Pcp4,Assigned truck for pickup plan,2024-05-23 09:07:08
tr40,Pcp6,Assigned truck for pickup plan,2024-05-23 09:14:23
tr22,Pcp8,Assigned truck for pickup plan,2024-05-23 09:27:31
tr12,Pcp6,Assigned truck for pickup plan,2024-05-23 09:39:54
tr1,Pcp8,Dropped truck from pickup plan,2024-05-23 09:53:50
tr29,Pcp3,Assigned truck for pickup plan,2024-05-23 10:12:33
tr15,Pcp2,Assigned truck for pickup plan,2024-05-23 10:29:09
tr6,Pcp5,Assigned truck for pickup plan,2024-05-23 10:31:37
tr23,Pcp8,Assigned truck for pickup plan,2024-05-23 10:35:15
tr44,Pcp8,Assigned truck for pickup plan,2024-05-23 10:44:24
tr8,Pcp4,Assigned truck for pickup plan,2024-05-23 10:47:01
tr18,Pcp4,Assigned truck for pickup plan,2024-05-23 10:57:10
tr3,Pcp5,Assigned truck for pickup plan,2024-05-23 10:57:42
tr39,Pcp4,Assigned truck for pickup plan,2024-05-23 11:41:05
tr10,Pcp2,Assigned truck for pickup plan,2024-05-23 12:20:00
tr16,Pcp2,Assigned truck for pickup plan,2024-05-23 12:30:49
tr1,Pcp3,Assigned truck for pickup plan,2024-05-23 12:55:07
tr13,Pcp8,Assigned truck for pickup plan,2024-05-23 13:36:37
tr42,Pcp6,Dropped truck from pickup plan,2024-05-23 13:39:51
tr14,Pcp4,Dropped truck from pickup plan,2024-05-23 14:18:14
tr31,Pcp3,Assigned truck for pickup plan,2024-05-23 14:46:59
tr32,Pcp8,Dropped truck from pickup plan,2024-05-23 15:37:19
tr14,Pcp3,Assigned truck for pickup plan,2024-05-23 15:53:10
tr35,Pcp3,Dropped truck from pickup plan,2024-05-23 16:36:46
tr49,Pcp3,Dropped truck from pickup plan,2024-05-23 16:38:21
tr42,Pcp4,Assigned truck for pickup plan,2024-05-23 16:51:00
tr34,Pcp3,Dropped truck from pickup plan,2024-05-23 17:01:08
tr27,Pcp2,Dropped truck from pickup plan,2024-05-23 18:44:59
tr9,Pcp6,Dropped truck from pickup plan,2024-05-24 08:16:10
tr28,Pcp3,Dropped truck from pickup plan,2024-05-24 08:24:27
tr24,Pcp8,Dropped truck from pickup plan,2024-05-24 08:29:28
tr34,Pcp4,Assigned truck for pickup plan,2024-05-24 10:21:10
tr50,Pcp6,Dropped truck from pickup plan,2024-05-24 10:24:00
tr49,Pcp4,Assigned truck for pickup plan,2024-05-24 10:25:36
tr24,Pcp2,Assigned truck for pickup plan,2024-05-24 10:49:10
tr35,Pcp8,Assigned truck for pickup plan,2024-05-24 10:54:46
tr9,Pcp3,Assigned truck for pickup plan,2024-05-24 11:14:02
tr27,Pcp8,Assigned truck for pickup plan,2024-05-24 11:29:48
tr32,Pcp6,Assigned truck for pickup plan,2024-05-24 11:33:52
tr43,Pcp5,Dropped truck from pickup plan,2024-05-24 12:26:03
tr20,Pcp3,Dropped truck from pickup plan,2024-05-24 13:30:14
tr36,Pcp8,Dropped truck from pickup plan,2024-05-24 14:28:10
tr20,Pcp6,Assigned truck for pickup plan,2024-05-24 15:26:27
tr50,Pcp3,Assigned truck for pickup plan,2024-05-24 15:54:19
tr28,Pcp5,Assigned truck for pickup plan,2024-05-24 16:50:54
tr43,Pcp5,Assigned truck for pickup plan,2024-05-24 16:52:11
tr11,Pcp3,Dropped truck from pickup plan,2024-05-24 16:52:33
tr5,Pcp5,Dropped truck from pickup plan,2024-05-24 17:02:22
tr40,Pcp6,Dropped truck from pickup plan,2024-05-24 17:53:59
tr26,Pcp2,Dropped truck from pickup plan,2024-05-27 08:51:04
tr36,Pcp3,Assigned truck for pickup plan,2024-05-27 09:11:30
tr3,Pcp5,Dropped truck from pickup plan,2024-05-27 09:37:57
tr40,Pcp5,Assigned truck for pickup plan,2024-05-27 10:26:27
tr17,Pcp8,Dropped truck from pickup plan,2024-05-27 10:31:51
tr12,Pcp6,Dropped truck from pickup plan,2024-05-27 10:50:24
tr11,Pcp6,Assigned truck for pickup plan,2024-05-27 11:28:38
tr37,Pcp8,Dropped truck from pickup plan,2024-05-27 11:44:56
tr25,Pcp4,Dropped truck from pickup plan,2024-05-27 11:48:47
tr18,Pcp4,Dropped truck from pickup plan,2024-05-27 11:54:21
tr7,Pcp5,Dropped truck from pickup plan,2024-05-27 12:00:50
tr31,Pcp3,Dropped truck from pickup plan,2024-05-27 13:44:43
tr22,Pcp8,Dropped truck from pickup plan,2024-05-27 14:25:02
tr5,Pcp2,Assigned truck for pickup plan,2024-05-27 14:41:40
tr44,Pcp8,Dropped truck from pickup plan,2024-05-27 14:46:03
tr3,Pcp3,Assigned truck for pickup plan,2024-05-27 14:46:32
tr16,Pcp2,Dropped truck from pickup plan,2024-05-27 14:57:52
tr12,Pcp3,Assigned truck for pickup plan,2024-05-27 15:07:35
tr23,Pcp8,Dropped truck from pickup plan,2024-05-27 15:27:56
tr7,Pcp2,Assigned truck for pickup plan,2024-05-27 15:32:34
tr26,Pcp3,Assigned truck for pickup plan,2024-05-27 15:34:57
tr17,Pcp5,Assigned truck for pickup plan,2024-05-27 15:38:45
tr48,Pcp2,Dropped truck from pickup plan,2024-05-27 15:42:00
tr15,Pcp2,Dropped truck from pickup plan,2024-05-27 15:48:17
tr25,Pcp6,Assigned truck for pickup plan,2024-05-27 15:55:00
tr45,Pcp2,Dropped truck from pickup plan,2024-05-27 15:56:34
tr22,Pcp5,Assigned truck for pickup plan,2024-05-27 16:01:19
tr33,Pcp4,Dropped truck from pickup plan,2024-05-27 16:01:39
tr41,Pcp5,Dropped truck from pickup plan,2024-05-27 16:14:36
tr10,Pcp2,Dropped truck from pickup plan,2024-05-27 16:34:27
tr4,Pcp3,Dropped truck from pickup plan,2024-05-27 16:48:14
tr16,Pcp2,Assigned truck for pickup plan,2024-05-27 17:48:27
tr15,Pcp4,Assigned truck for pickup plan,2024-05-27 18:14:14
tr44,Pcp2,Assigned truck for pickup plan,2024-05-27 18:49:14
tr30,Pcp3,Dropped truck from pickup plan,2024-05-28 07:34:04
tr39,Pcp4,Dropped truck from pickup plan,2024-05-28 07:36:43
tr48,Pcp6,Assigned truck for pickup plan,2024-05-28 07:55:54
tr8,Pcp4,Dropped truck from pickup plan,2024-05-28 08:09:09
tr27,Pcp8,Dropped truck from pickup plan,2024-05-28 08:25:22
tr10,Pcp2,Assigned truck for pickup plan,2024-05-28 08:34:03
tr45,Pcp5,Assigned truck for pickup plan,2024-05-28 08:51:33
tr31,Pcp4,Assigned truck for pickup plan,2024-05-28 09:17:49
tr33,Pcp5,Assigned truck for pickup plan,2024-05-28 09:19:28
tr37,Pcp2,Assigned truck for pickup plan,2024-05-28 09:26:15
tr18,Pcp6,Assigned truck for pickup plan,2024-05-28 09:35:25
tr46,Pcp2,Dropped truck from pickup plan,2024-05-28 10:18:09
tr34,Pcp4,Dropped truck from pickup plan,2024-05-28 10:37:05
tr4,Pcp5,Assigned truck for pickup plan,2024-05-28 10:50:29
tr41,Pcp4,Assigned truck for pickup plan,2024-05-28 11:17:46
tr23,Pcp2,Assigned truck for pickup plan,2024-05-28 11:28:04
tr14,Pcp3,Dropped truck from pickup plan,2024-05-28 11:46:20
tr8,Pcp6,Assigned truck for pickup plan,2024-05-28 12:06:47
tr30,Pcp5,Assigned truck for pickup plan,2024-05-28 14:11:26
tr6,Pcp5,Dropped truck from pickup plan,2024-05-28 14:27:42
tr39,Pcp6,Assigned truck for pickup plan,2024-05-28 14:47:33
tr34,Pcp6,Assigned truck for pickup plan,2024-05-28 15:17:41
tr27,Pcp5,Assigned truck for pickup plan,2024-05-28 15:29:48
tr46,Pcp4,Assigned truck for pickup plan,2024-05-28 15:31:34
tr28,Pcp5,Dropped truck from pickup plan,2024-05-28 15:33:28
tr38,Pcp3,Dropped truck from pickup plan,2024-05-28 15:53:15
tr1,Pcp3,Dropped truck from pickup plan,2024-05-28 16:00:39
tr9,Pcp3,Dropped truck from pickup plan,2024-05-28 16:37:13
tr6,Pcp4,Assigned truck for pickup plan,2024-05-28 16:37:15
tr21,Pcp2,Dropped truck from pickup plan,2024-05-28 18:38:01
tr29,Pcp3,Dropped truck from pickup plan,2024-05-29 08:16:01
tr1,Pcp6,Assigned truck for pickup plan,2024-05-29 08:19:56
tr38,Pcp5,Assigned truck for pickup plan,2024-05-29 08:21:00
tr35,Pcp8,Dropped truck from pickup plan,2024-05-29 08:26:22
tr2,Pcp4,Dropped truck from pickup plan,2024-05-29 08:30:24
tr13,Pcp8,Dropped truck from pickup plan,2024-05-29 08:42:58
tr9,Pcp6,Assigned truck for pickup plan,2024-05-29 08:48:19
tr28,Pcp5,Assigned truck for pickup plan,2024-05-29 09:00:21
tr19,Pcp3,Dropped truck from pickup plan,2024-05-29 09:20:56
tr14,Pcp5,Assigned truck for pickup plan,2024-05-29 09:46:21
tr21,Pcp4,Assigned truck for pickup plan,2024-05-29 10:01:47
tr22,Pcp5,Dropped truck from pickup plan,2024-05-29 10:59:44
tr17,Pcp5,Dropped truck from pickup plan,2024-05-29 11:11:10
tr19,Pcp5,Assigned truck for pickup plan,2024-05-29 11:20:45
tr2,Pcp5,Assigned truck for pickup plan,2024-05-29 11:32:17
tr40,Pcp5,Dropped truck from pickup plan,2024-05-29 11:35:03
tr35,Pcp4,Assigned truck for pickup plan,2024-05-29 11:37:05
tr29,Pcp5,Assigned truck for pickup plan,2024-05-29 11:41:39
tr50,Pcp3,Dropped truck from pickup plan,2024-05-29 13:17:21
tr11,Pcp6,Dropped truck from pickup plan,2024-05-29 13:37:17
tr49,Pcp4,Dropped truck from pickup plan,2024-05-29 13:41:48
tr44,Pcp2,Dropped truck from pickup plan,2024-05-29 13:47:55
tr17,Pcp5,Assigned truck for pickup plan,2024-05-29 15:01:25
tr40,Pcp5,Assigned truck for pickup plan,2024-05-29 15:15:47
tr12,Pcp3,Dropped truck from pickup plan,2024-05-29 15:25:47
tr5,Pcp2,Dropped truck from pickup plan,2024-05-29 15:47:58
tr13,Pcp6,Assigned truck for pickup plan,2024-05-29 15:53:20
tr22,Pcp6,Assigned truck for pickup plan,2024-05-29 15:54:27
tr43,Pcp5,Dropped truck from pickup plan,2024-05-29 16:09:27
tr49,Pcp6,Assigned truck for pickup plan,2024-05-29 16:19:40
tr50,Pcp6,Assigned truck for pickup plan,2024-05-29 16:55:39
tr44,Pcp6,Assigned truck for pickup plan,2024-05-29 17:33:42
tr11,Pcp6,Assigned truck for pickup plan,2024-05-29 18:04:50
tr20,Pcp6,Dropped truck from pickup plan,2024-05-29 18:18:12
tr45,Pcp5,Dropped truck from pickup plan,2024-05-29 18:21:29
tr43,Pcp4,Assigned truck for pickup plan,2024-05-29 18:45:40
tr47,Pcp3,Dropped truck from pickup plan,2024-05-30 08:13:24
tr36,Pcp3,Dropped truck from pickup plan,2024-05-30 08:19:36
tr8,Pcp6,Dropped truck from pickup plan,2024-05-30 08:34:20
tr5,Pcp6,Assigned truck for pickup plan,2024-05-30 09:21:46
tr38,Pcp5,Dropped truck from pickup plan,2024-05-30 09:40:59
tr12,Pcp5,Assigned truck for pickup plan,2024-05-30 09:43:13
tr20,Pcp6,Assigned truck for pickup plan,2024-05-30 09:52:23
tr47,Pcp4,Assigned truck for pickup plan,2024-05-30 10:23:36
tr25,Pcp6,Dropped truck from pickup plan,2024-05-30 10:45:45
tr45,Pcp6,Assigned truck for pickup plan,2024-05-30 10:46:06
tr36,Pcp4,Assigned truck for pickup plan,2024-05-30 10:49:52
tr15,Pcp4,Dropped truck from pickup plan,2024-05-30 10:59:14
tr32,Pcp6,Dropped truck from pickup plan,2024-05-30 11:02:49
tr38,Pcp4,Assigned truck for pickup plan,2024-05-30 11:53:04
tr24,Pcp2,Dropped truck from pickup plan,2024-05-30 11:58:44
tr28,Pcp5,Dropped truck from pickup plan,2024-05-30 13:31:26
tr4,Pcp5,Dropped truck from pickup plan,2024-05-30 13:33:41
tr6,Pcp4,Dropped truck from pickup plan,2024-05-30 13:58:18
tr8,Pcp4,Assigned truck for pickup plan,2024-05-30 14:16:22
tr18,Pcp6,Dropped truck from pickup plan,2024-05-30 14:20:41
tr25,Pcp4,Assigned truck for pickup plan,2024-05-30 14:44:12
tr31,Pcp4,Dropped truck from pickup plan,2024-05-30 15:20:37
tr24,Pcp6,Assigned truck for pickup plan,2024-05-30 16:04:13
tr4,Pcp4,Assigned truck for pickup plan,2024-05-30 16:24:05
tr18,Pcp4,Assigned truck for pickup plan,2024-05-30 16:28:31
tr28,Pcp6,Assigned truck for pickup plan,2024-05-30 16:32:57
tr26,Pcp3,Dropped truck from pickup plan,2024-05-30 16:35:14
tr32,Pcp6,Assigned truck for pickup plan,2024-05-30 16:45:40
tr48,Pcp6,Dropped truck from pickup plan,2024-05-30 16:49:29
tr30,Pcp5,Dropped truck from pickup plan,2024-05-30 16:59:49
tr41,Pcp4,Dropped truck from pickup plan,2024-05-30 17:55:33
tr14,Pcp5,Dropped truck from pickup plan,2024-05-31 07:08:09
tr6,Pcp6,Assigned truck for pickup plan,2024-05-31 07:51:31
tr1,Pcp6,Dropped truck from pickup plan,2024-05-31 08:26:43
tr10,Pcp2,Dropped truck from pickup plan,2024-05-31 08:38:35
tr15,Pcp6,Assigned truck for pickup plan,2024-05-31 08:42:59
tr7,Pcp2,Dropped truck from pickup plan,2024-05-31 08:46:16
tr42,Pcp4,Dropped truck from pickup plan,2024-05-31 09:33:32
tr30,Pcp6,Assigned truck for pickup plan,2024-05-31 10:28:39
tr37,Pcp2,Dropped truck from pickup plan,2024-05-31 10:40:38
tr48,Pcp6,Assigned truck for pickup plan,2024-05-31 10:59:21
tr14,Pcp6,Assigned truck for pickup plan,2024-05-31 11:28:24
tr35,Pcp4,Dropped truck from pickup plan,2024-05-31 11:44:15
tr10,Pcp6,Assigned truck for pickup plan,2024-05-31 11:56:49
tr41,Pcp6,Assigned truck for pickup plan,2024-05-31 12:10:58
tr9,Pcp6,Dropped truck from pickup plan,2024-05-31 12:28:40
tr31,Pcp6,Assigned truck for pickup plan,2024-05-31 14:06:05
tr7,Pcp6,Assigned truck for pickup plan,2024-05-31 14:08:45
tr2,Pcp5,Dropped truck from pickup plan,2024-05-31 14:23:34
tr26,Pcp4,Assigned truck for pickup plan,2024-05-31 14:38:01
tr37,Pcp6,Assigned truck for pickup plan,2024-05-31 15:01:46
tr1,Pcp6,Assigned truck for pickup plan,2024-05-31 15:05:34
tr35,Pcp4,Assigned truck for pickup plan,2024-05-31 15:21:06
tr9,Pcp4,Assigned truck for pickup plan,2024-05-31 16:02:00
tr42,Pcp6,Assigned truck for pickup plan,2024-05-31 16:07:21
tr34,Pcp6,Dropped truck from pickup plan,2024-05-31 16:18:32
tr27,Pcp5,Dropped truck from pickup plan,2024-05-31 16:36:15
tr5,Pcp6,Dropped truck from pickup plan,2024-05-31 17:30:45
tr50,Pcp6,Dropped truck from pickup plan,2024-05-31 17:38:37
tr33,Pcp5,Dropped truck from pickup plan,2024-06-03 08:08:57
tr2,Pcp4,Assigned truck for pickup plan,2024-06-03 08:12:06
tr34,Pcp4,Assigned truck for pickup plan,2024-06-03 08:26:09
tr27,Pcp4,Assigned truck for pickup plan,2024-06-03 10:09:13
tr40,Pcp5,Dropped truck from pickup plan,2024-06-03 10:37:48
tr50,Pcp6,Assigned truck for pickup plan,2024-06-03 10:54:09
tr33,Pcp4,Assigned truck for pickup plan,2024-06-03 11:07:22
tr5,Pcp4,Assigned truck for pickup plan,2024-06-03 11:13:15
tr43,Pcp4,Dropped truck from pickup plan,2024-06-03 11:28:31
tr19,Pcp5,Dropped truck from pickup plan,2024-06-03 11:30:42
tr47,Pcp4,Dropped truck from pickup plan,2024-06-03 11:38:38
tr20,Pcp6,Dropped truck from pickup plan,2024-06-03 11:53:08
tr11,Pcp6,Dropped truck from pickup plan,2024-06-03 11:56:27
tr18,Pcp4,Dropped truck from pickup plan,2024-06-03 13:50:19
tr47,Pcp4,Assigned truck for pickup plan,2024-06-03 14:30:42
tr28,Pcp6,Dropped truck from pickup plan,2024-06-03 14:45:24
tr43,Pcp4,Assigned truck for pickup plan,2024-06-03 14:54:37
tr40,Pcp4,Assigned truck for pickup plan,2024-06-03 15:20:06
tr46,Pcp4,Dropped truck from pickup plan,2024-06-03 16:15:52
tr19,Pcp4,Assigned truck for pickup plan,2024-06-03 16:23:52
tr29,Pcp5,Dropped truck from pickup plan,2024-06-03 16:24:24
tr8,Pcp4,Dropped truck from pickup plan,2024-06-03 16:40:30
tr38,Pcp4,Dropped truck from pickup plan,2024-06-03 16:50:47
tr21,Pcp4,Dropped truck from pickup plan,2024-06-03 17:42:31
tr23,Pcp2,Dropped truck from pickup plan,2024-06-03 18:58:45
tr12,Pcp5,Dropped truck from pickup plan,2024-06-04 07:55:05
tr15,Pcp6,Dropped truck from pickup plan,2024-06-04 08:00:15
tr30,Pcp6,Dropped truck from pickup plan,2024-06-04 08:23:55
tr39,Pcp6,Dropped truck from pickup plan,2024-06-04 08:47:05
tr35,Pcp4,Dropped truck from pickup plan,2024-06-04 08:51:25
tr36,Pcp4,Dropped truck from pickup plan,2024-06-04 13:34:32
tr10,Pcp6,Dropped truck from pickup plan,2024-06-04 13:38:06
tr13,Pcp6,Dropped truck from pickup plan,2024-06-04 15:51:46
tr6,Pcp6,Dropped truck from pickup plan,2024-06-04 16:03:31
tr3,Pcp3,Dropped truck from pickup plan,2024-06-04 16:31:54
tr41,Pcp6,Dropped truck from pickup plan,2024-06-04 16:32:28
tr2,Pcp4,Dropped truck from pickup plan,2024-06-04 16:55:47
tr44,Pcp6,Dropped truck from pickup plan,2024-06-04 16:56:18
tr31,Pcp6,Dropped truck from pickup plan,2024-06-04 17:01:20
tr16,Pcp2,Dropped truck from pickup plan,2024-06-04 17:05:15
tr50,Pcp6,Dropped truck from pickup plan,2024-06-04 18:59:35
tr26,Pcp4,Dropped truck from pickup plan,2024-06-05 07:30:00
tr22,Pcp6,Dropped truck from pickup plan,2024-06-05 08:11:00
tr27,Pcp4,Dropped truck from pickup plan,2024-06-05 08:21:30
tr14,Pcp6,Dropped truck from pickup plan,2024-06-05 09:36:32
tr45,Pcp6,Dropped truck from pickup plan,2024-06-05 09:58:51
tr7,Pcp6,Dropped truck from pickup plan,2024-06-05 10:18:36
tr32,Pcp6,Dropped truck from pickup plan,2024-06-05 10:51:59
tr48,Pcp6,Dropped truck from pickup plan,2024-06-05 11:11:52
tr17,Pcp5,Dropped truck from pickup plan,2024-06-05 11:34:14
tr47,Pcp4,Dropped truck from pickup plan,2024-06-05 13:26:23
tr49,Pcp6,Dropped truck from pickup plan,2024-06-05 13:49:44
tr1,Pcp6,Dropped truck from pickup plan,2024-06-05 14:09:03
tr43,Pcp4,Dropped truck from pickup plan,2024-06-05 16:15:51
tr5,Pcp4,Dropped truck from pickup plan,2024-06-05 17:20:32
tr24,Pcp6,Dropped truck from pickup plan,2024-06-06 07:29:46
tr37,Pcp6,Dropped truck from pickup plan,2024-06-06 07:46:10
tr34,Pcp4,Dropped truck from pickup plan,2024-06-06 11:46:56
tr4,Pcp4,Dropped truck from pickup plan,2024-06-06 17:00:21
tr40,Pcp4,Dropped truck from pickup plan,2024-06-07 08:05:14
tr25,Pcp4,Dropped truck from pickup plan,2024-06-07 08:57:51
tr42,Pcp6,Dropped truck from pickup plan,2024-06-07 09:19:50
tr33,Pcp4,Dropped truck from pickup plan,2024-06-07 09:52:33
tr19,Pcp4,Dropped truck from pickup plan,2024-06-07 16:48:29
tr9,Pcp4,Dropped truck from pickup plan,2024-06-10 08:30:10
